sampleID	date	tara_station	replicate	depth	lat	lon	ocean	ebi_sample_id	ebi_run_id	release_version	date_acquired_from_ebi	full_sample_name	environment	is.dcm	sample_category
tara_S0001	2009-09-15	TARA_004	A	40	36.5533	-6.5669	north atlantic	ERS487936	ERR598950	2	6/19/17	TARA_20090915T1800Z_004_EVENT_PUMP_P_D_(40 m)_BACT_NUC-DNA(100L)_W0.22-1.6_TARA_X000000368	dcm	yes	tara
tara_S0002	2009-09-15	TARA_004	B	40	36.5533	-6.5669	north atlantic	ERS487936	ERR599095	2	6/19/17	TARA_20090915T1800Z_004_EVENT_PUMP_P_D_(40 m)_BACT_NUC-DNA(100L)_W0.22-1.6_TARA_X000000368	dcm	yes	tara
tara_S0003	2009-09-15	TARA_004	A	5	36.5533	-6.5669	north atlantic	ERS487899	ERR598955	2	6/19/17	TARA_20090915T1130Z_004_EVENT_PUMP_P_S_(5 m)_BACT_NUC-DNA(100L)_W0.22-1.6_TARA_X000000263	surface	no	tara
tara_S0004	2009-09-15	TARA_004	B	5	36.5533	-6.5669	north atlantic	ERS487899	ERR599003	2	6/19/17	TARA_20090915T1130Z_004_EVENT_PUMP_P_S_(5 m)_BACT_NUC-DNA(100L)_W0.22-1.6_TARA_X000000263	surface	no	tara
tara_S0005	2009-11-02	TARA_018	A	60	35.7528	14.2765	mediterranean	ERS488346	ERR599073	2	6/19/17	TARA_20091102T1407Z_018_EVENT_PUMP_P_D_(60 m)_BACT_NUC-DNA(100L)_W0.22-1.6_TARA_S200000501	dcm	yes	tara
tara_S0006	2009-11-02	TARA_018	B	60	35.7528	14.2765	mediterranean	ERS488346	ERR599092	2	6/19/17	TARA_20091102T1407Z_018_EVENT_PUMP_P_D_(60 m)_BACT_NUC-DNA(100L)_W0.22-1.6_TARA_S200000501	dcm	yes	tara
tara_S0007	2009-11-02	TARA_018	A	5	35.759	14.2574	mediterranean	ERS488330	ERR598993	2	6/19/17	TARA_20091102T0813Z_018_EVENT_PUMP_P_S_(5 m)_BACT_NUC-DNA(100L)_W0.22-1.6_TARA_A100000164	surface	no	tara
tara_S0008	2009-11-02	TARA_018	B	5	35.759	14.2574	mediterranean	ERS488330	ERR599140	2	6/19/17	TARA_20091102T0813Z_018_EVENT_PUMP_P_S_(5 m)_BACT_NUC-DNA(100L)_W0.22-1.6_TARA_A100000164	surface	no	tara
tara_S0009	2009-11-18	TARA_023	A	55	42.1735	17.7252	mediterranean	ERS477998	ERR315859	2	6/19/17	TARA_20091118T1240Z_023_EVENT_PUMP_P_D_(55-57m)_BACT_NUC-DNA(100L)_W0.22-1.6_TARA_E500000081	dcm	yes	tara
tara_S0010	2009-11-18	TARA_023	B	55	42.1735	17.7252	mediterranean	ERS477998	ERR315860	2	6/19/17	TARA_20091118T1240Z_023_EVENT_PUMP_P_D_(55-57m)_BACT_NUC-DNA(100L)_W0.22-1.6_TARA_E500000081	dcm	yes	tara
tara_S0011	2009-11-18	TARA_023	A	5	42.2038	17.715	mediterranean	ERS477979	ERR315858	2	6/19/17	TARA_20091118T0841Z_023_EVENT_PUMP_P_S_(5-7m)_BACT_NUC-DNA(100L)_W0.22-1.6_TARA_E500000075	surface	no	tara
tara_S0012	2009-11-18	TARA_023	B	5	42.2038	17.715	mediterranean	ERS477979	ERR315861	2	6/19/17	TARA_20091118T0841Z_023_EVENT_PUMP_P_S_(5-7m)_BACT_NUC-DNA(100L)_W0.22-1.6_TARA_E500000075	surface	no	tara
tara_S0013	2009-11-23	TARA_025	A	50	39.3991	19.3997	mediterranean	ERS488509	ERR599094	2	6/19/17	TARA_20091123T1352Z_025_EVENT_PUMP_P_D_(50 m)_BACT_NUC-DNA(100L)_W0.22-1.6_TARA_E500000331	dcm	yes	tara
tara_S0014	2009-11-23	TARA_025	B	50	39.3991	19.3997	mediterranean	ERS488509	ERR599153	2	6/19/17	TARA_20091123T1352Z_025_EVENT_PUMP_P_D_(50 m)_BACT_NUC-DNA(100L)_W0.22-1.6_TARA_E500000331	dcm	yes	tara
tara_S0015	2009-11-23	TARA_025	A	5	39.3888	19.3905	mediterranean	ERS488486	ERR598951	2	6/19/17	TARA_20091123T0912Z_025_EVENT_PUMP_P_S_(5 m)_BACT_NUC-DNA(100L)_W0.22-1.6_TARA_E500000178	surface	no	tara
tara_S0016	2009-11-23	TARA_025	B	5	39.3888	19.3905	mediterranean	ERS488486	ERR599043	2	6/19/17	TARA_20091123T0912Z_025_EVENT_PUMP_P_S_(5 m)_BACT_NUC-DNA(100L)_W0.22-1.6_TARA_E500000178	surface	no	tara
tara_S0017	2009-12-15	TARA_030	A	70.5	33.9235	32.8118	mediterranean	ERS478040	ERR318618	2	6/19/17	TARA_20091215T1512Z_030_Combined-EVENTS_CAST_MB_D_(70-75m)_BACT_NUC-DNA(100L)_W0.22-1.6_TARA_A100001011	dcm	yes	tara
tara_S0018	2009-12-15	TARA_030	B	70.5	33.9235	32.8118	mediterranean	ERS478040	ERR318619	2	6/19/17	TARA_20091215T1512Z_030_Combined-EVENTS_CAST_MB_D_(70-75m)_BACT_NUC-DNA(100L)_W0.22-1.6_TARA_A100001011	dcm	yes	tara
tara_S0019	2009-12-15	TARA_030	C	70.5	33.9235	32.8118	mediterranean	ERS478040	ERR318620	2	6/19/17	TARA_20091215T1512Z_030_Combined-EVENTS_CAST_MB_D_(70-75m)_BACT_NUC-DNA(100L)_W0.22-1.6_TARA_A100001011	dcm	yes	tara
tara_S0020	2009-12-15	TARA_030	D	70.5	33.9235	32.8118	mediterranean	ERS478040	ERR318621	2	6/19/17	TARA_20091215T1512Z_030_Combined-EVENTS_CAST_MB_D_(70-75m)_BACT_NUC-DNA(100L)_W0.22-1.6_TARA_A100001011	dcm	yes	tara
tara_S0021	2009-12-15	TARA_030	A	5	33.9179	32.898	mediterranean	ERS478017	ERR315862	2	6/19/17	TARA_20091215T1041Z_030_EVENT_PUMP_P_S_(5-7m)_BACT_NUC-DNA(100L)_W0.22-1.6_TARA_A100001015	surface	no	tara
tara_S0022	2009-12-15	TARA_030	B	5	33.9179	32.898	mediterranean	ERS478017	ERR315863	2	6/19/17	TARA_20091215T1041Z_030_EVENT_PUMP_P_S_(5-7m)_BACT_NUC-DNA(100L)_W0.22-1.6_TARA_A100001015	surface	no	tara
tara_S0023	2010-01-09	TARA_031	A	5	27.1433	34.8	red sea	ERS488545	ERR598969	2	6/19/17	TARA_20100109T0715Z_031_EVENT_PUMP_P_S_(5 m)_BACT_NUC-DNA(100L)_W0.22-1.6_TARA_A100001403	surface	no	tara
tara_S0024	2010-01-09	TARA_031	B	5	27.1433	34.8	red sea	ERS488545	ERR599106	2	6/19/17	TARA_20100109T0715Z_031_EVENT_PUMP_P_S_(5 m)_BACT_NUC-DNA(100L)_W0.22-1.6_TARA_A100001403	surface	no	tara
tara_S0025	2010-01-11	TARA_032	A	80	23.4183	37.245	red sea	ERS488599	ERR599061	2	6/19/17	TARA_20100111T1417Z_032_EVENT_PUMP_P_D_(80 m)_BACT_NUC-DNA(100L)_W0.22-1.6_TARA_A100001037	dcm	yes	tara
tara_S0026	2010-01-11	TARA_032	B	80	23.4183	37.245	red sea	ERS488599	ERR599097	2	6/19/17	TARA_20100111T1417Z_032_EVENT_PUMP_P_D_(80 m)_BACT_NUC-DNA(100L)_W0.22-1.6_TARA_A100001037	dcm	yes	tara
tara_S0027	2010-01-11	TARA_032	A	5	23.36	37.2183	red sea	ERS488569	ERR599041	2	6/19/17	TARA_20100111T0721Z_032_EVENT_PUMP_P_S_(5 m)_BACT_NUC-DNA(100L)_W0.22-1.6_TARA_A100001035	surface	no	tara
tara_S0028	2010-01-11	TARA_032	B	5	23.36	37.2183	red sea	ERS488569	ERR599116	2	6/19/17	TARA_20100111T0721Z_032_EVENT_PUMP_P_S_(5 m)_BACT_NUC-DNA(100L)_W0.22-1.6_TARA_A100001035	surface	no	tara
tara_S0029	2010-01-11	TARA_032	C	5	23.36	37.2183	red sea	ERS488569	ERR599155	2	6/19/17	TARA_20100111T0721Z_032_EVENT_PUMP_P_S_(5 m)_BACT_NUC-DNA(100L)_W0.22-1.6_TARA_A100001035	surface	no	tara
tara_S0030	2010-01-13	TARA_033	A	5	21.9467	38.2517	red sea	ERS488621	ERR599049	2	6/19/17	TARA_20100113T0716Z_033_EVENT_PUMP_P_S_(5 m)_BACT_NUC-DNA(100L)_W0.22-1.6_TARA_A100001234	surface	no	tara
tara_S0031	2010-01-13	TARA_033	B	5	21.9467	38.2517	red sea	ERS488621	ERR599134	2	6/19/17	TARA_20100113T0716Z_033_EVENT_PUMP_P_S_(5 m)_BACT_NUC-DNA(100L)_W0.22-1.6_TARA_A100001234	surface	no	tara
tara_S0032	2010-01-20	TARA_034	A	60	18.4417	39.8567	red sea	ERS488685	ERR598975	2	6/19/17	TARA_20100120T1150Z_034_EVENT_PUMP_P_D_(60 m)_BACT_NUC-DNA(100L)_W0.22-1.6_TARA_B100000029	dcm	yes	tara
tara_S0033	2010-01-20	TARA_034	B	60	18.4417	39.8567	red sea	ERS488685	ERR599111	2	6/19/17	TARA_20100120T1150Z_034_EVENT_PUMP_P_D_(60 m)_BACT_NUC-DNA(100L)_W0.22-1.6_TARA_B100000029	dcm	yes	tara
tara_S0034	2010-01-20	TARA_034	A	5	18.3967	39.875	red sea	ERS488649	ERR598959	2	6/19/17	TARA_20100120T0427Z_034_EVENT_PUMP_P_S_(5 m)_BACT_NUC-DNA(100L)_W0.22-1.6_TARA_B100000003	surface	no	tara
tara_S0035	2010-01-20	TARA_034	B	5	18.3967	39.875	red sea	ERS488649	ERR598991	2	6/19/17	TARA_20100120T0427Z_034_EVENT_PUMP_P_S_(5 m)_BACT_NUC-DNA(100L)_W0.22-1.6_TARA_B100000003	surface	no	tara
tara_S0036	2010-03-12	TARA_036	A	17	20.8222	63.5133	indian	ERS488747	ERR598974	2	6/19/17	TARA_20100312T1223Z_036_EVENT_PUMP_P_D_(17 m)_BACT_NUC-DNA(100L)_W0.22-1.6_TARA_B100000035	dcm	yes	tara
tara_S0037	2010-03-12	TARA_036	B	17	20.8222	63.5133	indian	ERS488747	ERR599028	2	6/19/17	TARA_20100312T1223Z_036_EVENT_PUMP_P_D_(17 m)_BACT_NUC-DNA(100L)_W0.22-1.6_TARA_B100000035	dcm	yes	tara
tara_S0038	2010-03-12	TARA_036	A	5	20.8183	63.5047	indian	ERS488714	ERR598966	2	6/19/17	TARA_20100312T0606Z_036_EVENT_PUMP_P_S_(5 m)_BACT_NUC-DNA(100L)_W0.22-1.6_TARA_B100000034	surface	no	tara
tara_S0039	2010-03-12	TARA_036	B	5	20.8183	63.5047	indian	ERS488714	ERR599143	2	6/19/17	TARA_20100312T0606Z_036_EVENT_PUMP_P_S_(5 m)_BACT_NUC-DNA(100L)_W0.22-1.6_TARA_B100000034	surface	no	tara
tara_S0040	2010-03-15	TARA_038	A	25	19.0284	64.5126	indian	ERS488830	ERR598949	2	6/19/17	TARA_20100315T1118Z_038_EVENT_PUMP_P_D_(25 m)_BACT_NUC-RNA(10L-or-10min)_W0.22-1.6_TARA_B100000073	dcm	yes	tara
tara_S0041	2010-03-15	TARA_038	B	25	19.0284	64.5126	indian	ERS488830	ERR599082	2	6/19/17	TARA_20100315T1118Z_038_EVENT_PUMP_P_D_(25 m)_BACT_NUC-RNA(10L-or-10min)_W0.22-1.6_TARA_B100000073	dcm	yes	tara
tara_S0042	2010-03-15	TARA_038	A	5	19.0393	64.4913	indian	ERS488799	ERR599102	2	6/19/17	TARA_20100315T0335Z_038_EVENT_PUMP_P_S_(5 m)_BACT_NUC-RNA(10L-or-10min)_W0.22-1.6_TARA_B100000066	surface	no	tara
tara_S0043	2010-03-15	TARA_038	B	5	19.0393	64.4913	indian	ERS488799	ERR599158	2	6/19/17	TARA_20100315T0335Z_038_EVENT_PUMP_P_S_(5 m)_BACT_NUC-RNA(10L-or-10min)_W0.22-1.6_TARA_B100000066	surface	no	tara
tara_S0044	2010-03-18	TARA_039	A	25	18.5839	66.4727	indian	ERS488916	ERR599145	2	6/19/17	TARA_20100318T1133Z_039_EVENT_PUMP_P_D_(25 m)_BACT_NUC-DNA(100L)_W0.22-1.6_TARA_B100000085	dcm	yes	tara
tara_S0045	2010-03-18	TARA_039	B	25	18.5839	66.4727	indian	ERS488919	ERR1701760	3	6/19/17	TARA_20100318T1133Z_039_EVENT_PUMP_P_D_(25 m)_BACT_NUC-DNA(100L)_W1.6-20_TARA_B100000105	dcm	yes	tara
tara_S0046	2010-03-20	TARA_039	A	271	18.7341	66.3896	indian	ERS488936	ERR599037	2	6/19/17	TARA_20100320T0817Z_039_Combined-EVENTS_CAST_MB_M_(270 m)_BACT_NUC-DNA(100L)_W0.22-1.6_TARA_B100000097	mesopelagic	no	tara
tara_S0047	2010-03-20	TARA_039	B	271	18.7341	66.3896	indian	ERS488936	ERR599172	2	6/19/17	TARA_20100320T0817Z_039_Combined-EVENTS_CAST_MB_M_(270 m)_BACT_NUC-DNA(100L)_W0.22-1.6_TARA_B100000097	mesopelagic	no	tara
tara_S0048	2010-03-30	TARA_041	A	60	14.5536	70.0128	indian	ERS489074	ERR598977	2	6/19/17	TARA_20100330T1056Z_041_EVENT_PUMP_P_D_(60 m)_BACT_NUC-RNA(10L-or-10min)_W0.22-1.6_TARA_B100000287	dcm	yes	tara
tara_S0049	2010-03-30	TARA_041	B	60	14.5536	70.0128	indian	ERS489074	ERR599053	2	6/19/17	TARA_20100330T1056Z_041_EVENT_PUMP_P_D_(60 m)_BACT_NUC-RNA(10L-or-10min)_W0.22-1.6_TARA_B100000287	dcm	yes	tara
tara_S0050	2010-03-30	TARA_041	A	5	14.6059	69.9776	indian	ERS489043	ERR599011	2	6/19/17	TARA_20100330T0247Z_041_EVENT_PUMP_P_S_(5 m)_BACT_NUC-RNA(10L-or-10min)_W0.22-1.6_TARA_B100000282	surface	no	tara
tara_S0051	2010-03-30	TARA_041	B	5	14.6059	69.9776	indian	ERS489043	ERR599074	2	6/19/17	TARA_20100330T0247Z_041_EVENT_PUMP_P_S_(5 m)_BACT_NUC-RNA(10L-or-10min)_W0.22-1.6_TARA_B100000282	surface	no	tara
tara_S0052	2010-04-04	TARA_042	A	80	5.9998	73.9067	indian	ERS489134	ERR599013	2	6/19/17	TARA_20100404T0950Z_042_EVENT_PUMP_P_D_(80 m)_BACT_NUC-DNA(100L)_W0.22-1.6_TARA_B100000131	dcm	yes	tara
tara_S0053	2010-04-04	TARA_042	B	80	5.9998	73.9067	indian	ERS489134	ERR599130	2	6/19/17	TARA_20100404T0950Z_042_EVENT_PUMP_P_D_(80 m)_BACT_NUC-DNA(100L)_W0.22-1.6_TARA_B100000131	dcm	yes	tara
tara_S0054	2010-04-04	TARA_042	A	5	6.0001	73.8955	indian	ERS489087	ERR599075	2	6/19/17	TARA_20100404T0247Z_042_EVENT_PUMP_P_S_(5 m)_BACT_NUC-DNA(100L)_W0.22-1.6_TARA_B100000123	surface	no	tara
tara_S0055	2010-04-04	TARA_042	B	5	6.0001	73.8955	indian	ERS489087	ERR599141	2	6/19/17	TARA_20100404T0247Z_042_EVENT_PUMP_P_S_(5 m)_BACT_NUC-DNA(100L)_W0.22-1.6_TARA_B100000123	surface	no	tara
tara_S0056	2010-04-13	TARA_045	A	5	0.0033	71.6428	indian	ERS489236	ERR599045	2	6/19/17	TARA_20100413T0321Z_045_EVENT_PUMP_P_S_(5 m)_BACT_NUC-DNA(100L)_W0.22-1.6_TARA_B100000161	surface	no	tara
tara_S0057	2010-04-13	TARA_045	B	5	0.0033	71.6428	indian	ERS489236	ERR599054	2	6/19/17	TARA_20100413T0321Z_045_EVENT_PUMP_P_S_(5 m)_BACT_NUC-DNA(100L)_W0.22-1.6_TARA_B100000161	surface	no	tara
tara_S0058	2010-04-19	TARA_048	A	5	-9.3921	66.4228	indian	ERS489315	ERR599019	2	6/19/17	TARA_20100419T0756Z_048_EVENT_PUMP_P_S_(5 m)_BACT_NUC-DNA(100L)_W0.22-1.6_TARA_B100000242	surface	no	tara
tara_S0059	2010-04-19	TARA_048	B	5	-9.3921	66.4228	indian	ERS489315	ERR599138	2	6/19/17	TARA_20100419T0756Z_048_EVENT_PUMP_P_S_(5 m)_BACT_NUC-DNA(100L)_W0.22-1.6_TARA_B100000242	surface	no	tara
tara_S0060	2010-05-17	TARA_052	A	75	-16.9534	53.9601	indian	ERS489585	ERR599002	2	6/19/17	TARA_20100517T1142Z_052_EVENT_PUMP_P_D_(75 m)_BACT_NUC-RNA(10L-or-10min)_W0.22-1.6_TARA_B100000214	dcm	yes	tara
tara_S0061	2010-05-17	TARA_052	B	75	-16.9534	53.9601	indian	ERS489585	ERR599016	2	6/19/17	TARA_20100517T1142Z_052_EVENT_PUMP_P_D_(75 m)_BACT_NUC-RNA(10L-or-10min)_W0.22-1.6_TARA_B100000214	dcm	yes	tara
tara_S0062	2010-05-17	TARA_052	A	5	-16.957	53.9801	indian	ERS489529	ERR599098	2	6/19/17	TARA_20100517T0410Z_052_EVENT_PUMP_P_S_(5 m)_BACT_NUC-RNA(10L-or-10min)_W0.22-1.6_TARA_B100000212	surface	no	tara
tara_S0063	2010-05-17	TARA_052	B	5	-16.957	53.9801	indian	ERS489529	ERR599139	2	6/19/17	TARA_20100517T0410Z_052_EVENT_PUMP_P_S_(5 m)_BACT_NUC-RNA(10L-or-10min)_W0.22-1.6_TARA_B100000212	surface	no	tara
tara_S0064	2010-06-26	TARA_056	A	5	-15.3424	43.2965	indian	ERS489712	ERR599057	2	6/19/17	TARA_20100626T0705Z_056_EVENT_PUMP_P_S_(5 m)_BACT_NUC-DNA(100L)_W0.22-3_TARA_B000000609	surface	no	tara
tara_S0065	2010-06-27	TARA_057	A	5	-17.0248	42.7401	indian	ERS489733	ERR599058	2	6/19/17	TARA_20100627T1205Z_057_EVENT_PUMP_P_S_(5 m)_BACT_NUC-DNA(100L)_W0.22-3_TARA_B000000565	surface	no	tara
tara_S0066	2010-06-29	TARA_058	A	66	-17.2855	42.2866	indian	ERS489846	ERR599026	2	6/19/17	TARA_20100629T1500Z_058_EVENT_PUMP_P_D_(66 m)_BACT_NUC-DNA(100L)_W0.22-3_TARA_B000000557	dcm	yes	tara
tara_S0067	2010-07-03	TARA_062	A	5	-22.3368	40.3412	indian	ERS489877	ERR599012	2	6/19/17	TARA_20100703T0809Z_062_EVENT_PUMP_P_S_(5 m)_BACT_NUC-DNA(100L)_W0.22-3_TARA_B000000532	surface	no	tara
tara_S0068	2010-07-08	TARA_064	A	65	-29.5333	37.9117	indian	ERS490002	ERR598972	2	6/19/17	TARA_20100708T0621Z_064_EVENT_PUMP_P_D_(65 m)_BACT_NUC-DNA(100L)_W0.22-3_TARA_B100000405	dcm	yes	tara
tara_S0069	2010-07-08	TARA_064	B	65	-29.5333	37.9117	indian	ERS490002	ERR599023	2	6/19/17	TARA_20100708T0621Z_064_EVENT_PUMP_P_D_(65 m)_BACT_NUC-DNA(100L)_W0.22-3_TARA_B100000405	dcm	yes	tara
tara_S0070	2010-07-08	TARA_064	C	65	-29.5333	37.9117	indian	ERS490002	ERR599025	2	6/19/17	TARA_20100708T0621Z_064_EVENT_PUMP_P_D_(65 m)_BACT_NUC-DNA(100L)_W0.22-3_TARA_B100000405	dcm	yes	tara
tara_S0071	2010-07-07	TARA_064	A	5	-29.5019	37.9889	indian	ERS489917	ERR598970	2	6/19/17	TARA_20100707T0448Z_064_EVENT_PUMP_P_S_(5 m)_BACT_NUC-DNA(100L)_W0.22-3_TARA_B100000401	surface	no	tara
tara_S0072	2010-07-07	TARA_064	B	5	-29.5019	37.9889	indian	ERS489917	ERR599088	2	6/19/17	TARA_20100707T0448Z_064_EVENT_PUMP_P_S_(5 m)_BACT_NUC-DNA(100L)_W0.22-3_TARA_B100000401	surface	no	tara
tara_S0073	2010-07-07	TARA_064	C	5	-29.5019	37.9889	indian	ERS489917	ERR599150	2	6/19/17	TARA_20100707T0448Z_064_EVENT_PUMP_P_S_(5 m)_BACT_NUC-DNA(100L)_W0.22-3_TARA_B100000401	surface	no	tara
tara_S0074	2010-07-12	TARA_065	A	30	-35.2421	26.3048	indian	ERS490085	ERR598990	2	6/19/17	TARA_20100712T1106Z_065_Combined-EVENTS_CAST_MB_D_(30 m)_BACT_NUC-DNA(100L)_W0.22-3_TARA_B000000441	dcm	yes	tara
tara_S0075	2010-07-12	TARA_065	B	30	-35.2421	26.3048	indian	ERS490085	ERR599018	2	6/19/17	TARA_20100712T1106Z_065_Combined-EVENTS_CAST_MB_D_(30 m)_BACT_NUC-DNA(100L)_W0.22-3_TARA_B000000441	dcm	yes	tara
tara_S0076	2010-07-12	TARA_065	C	30	-35.2421	26.3048	indian	ERS490085	ERR599110	2	6/19/17	TARA_20100712T1106Z_065_Combined-EVENTS_CAST_MB_D_(30 m)_BACT_NUC-DNA(100L)_W0.22-3_TARA_B000000441	dcm	yes	tara
tara_S0077	2010-07-12	TARA_065	A	5	-35.1728	26.2868	indian	ERS490029	ERR598979	2	6/19/17	TARA_20100712T0559Z_065_EVENT_PUMP_P_S_(5 m)_BACT_NUC-DNA(100L)_W0.22-3_TARA_B000000437	surface	no	tara
tara_S0078	2010-07-12	TARA_065	B	5	-35.1728	26.2868	indian	ERS490029	ERR599146	2	6/19/17	TARA_20100712T0559Z_065_EVENT_PUMP_P_S_(5 m)_BACT_NUC-DNA(100L)_W0.22-3_TARA_B000000437	surface	no	tara
tara_S0079	2010-07-15	TARA_066	A	30	-34.8901	18.0459	south atlantic	ERS490163	ERR598982	2	6/19/17	TARA_20100715T1539Z_066_Combined-EVENTS_CAST_MB_D_(30 m)_BACT_NUC-DNA(100L)_W0.22-3_TARA_B000000477	dcm	yes	tara
tara_S0080	2010-07-15	TARA_066	B	30	-34.8901	18.0459	south atlantic	ERS490163	ERR599107	2	6/19/17	TARA_20100715T1539Z_066_Combined-EVENTS_CAST_MB_D_(30 m)_BACT_NUC-DNA(100L)_W0.22-3_TARA_B000000477	dcm	yes	tara
tara_S0081	2010-07-15	TARA_066	A	5	-34.9449	17.9189	south atlantic	ERS490124	ERR598973	2	6/19/17	TARA_20100715T1222Z_066_EVENT_PUMP_P_S_(5 m)_BACT_NUC-DNA(100L)_W0.22-3_TARA_B000000475	surface	no	tara
tara_S0082	2010-07-15	TARA_066	B	5	-34.9449	17.9189	south atlantic	ERS490124	ERR599068	2	6/19/17	TARA_20100715T1222Z_066_EVENT_PUMP_P_S_(5 m)_BACT_NUC-DNA(100L)_W0.22-3_TARA_B000000475	surface	no	tara
tara_S0083	2010-07-15	TARA_066	C	5	-34.9449	17.9189	south atlantic	ERS490124	ERR599173	2	6/19/17	TARA_20100715T1222Z_066_EVENT_PUMP_P_S_(5 m)_BACT_NUC-DNA(100L)_W0.22-3_TARA_B000000475	surface	no	tara
tara_S0084	2010-09-07	TARA_067	A	5	-32.2401	17.7103	south atlantic	ERS490183	ERR598994	2	6/19/17	TARA_20100907T0619Z_067_EVENT_PUMP_P_S_(5 m)_BACT_NUC-DNA(100L)_W0.22-3_TARA_B100000497	surface	no	tara
tara_S0085	2010-09-07	TARA_067	B	5	-32.2401	17.7103	south atlantic	ERS490183	ERR599144	2	6/19/17	TARA_20100907T0619Z_067_EVENT_PUMP_P_S_(5 m)_BACT_NUC-DNA(100L)_W0.22-3_TARA_B100000497	surface	no	tara
tara_S0086	2010-09-14	TARA_068	A	50	-31.027	4.6802	south atlantic	ERS490296	ERR599017	2	6/19/17	TARA_20100914T1330Z_068_EVENT_PUMP_P_D_(50 m)_BACT_NUC-DNA(100L)_W0.22-3_TARA_B100000482	dcm	yes	tara
tara_S0087	2010-09-14	TARA_068	B	50	-31.027	4.6802	south atlantic	ERS490296	ERR599056	2	6/19/17	TARA_20100914T1330Z_068_EVENT_PUMP_P_D_(50 m)_BACT_NUC-DNA(100L)_W0.22-3_TARA_B100000482	dcm	yes	tara
tara_S0088	2010-09-14	TARA_068	C	50	-31.027	4.6802	south atlantic	ERS490296	ERR599103	2	6/19/17	TARA_20100914T1330Z_068_EVENT_PUMP_P_D_(50 m)_BACT_NUC-DNA(100L)_W0.22-3_TARA_B100000482	dcm	yes	tara
tara_S0089	2010-09-14	TARA_068	A	5	-31.0266	4.665	south atlantic	ERS490265	ERR599129	2	6/19/17	TARA_20100914T0655Z_068_EVENT_PUMP_P_S_(5 m)_BACT_NUC-DNA(100L)_W0.22-3_TARA_B100000475	surface	no	tara
tara_S0090	2010-09-14	TARA_068	B	5	-31.0266	4.665	south atlantic	ERS490265	ERR599171	2	6/19/17	TARA_20100914T0655Z_068_EVENT_PUMP_P_S_(5 m)_BACT_NUC-DNA(100L)_W0.22-3_TARA_B100000475	surface	no	tara
tara_S0091	2010-09-14	TARA_068	C	5	-31.0266	4.665	south atlantic	ERS490265	ERR599174	2	6/19/17	TARA_20100914T0655Z_068_EVENT_PUMP_P_S_(5 m)_BACT_NUC-DNA(100L)_W0.22-3_TARA_B100000475	surface	no	tara
tara_S0092	2010-09-21	TARA_070	A	5	-20.4091	-3.1759	south atlantic	ERS490327	ERR599135	2	6/19/17	TARA_20100921T0655Z_070_EVENT_PUMP_P_S_(5 m)_BACT_NUC-DNA(100L)_W0.22-3_TARA_B100000459	surface	no	tara
tara_S0093	2010-09-21	TARA_070	B	5	-20.4091	-3.1759	south atlantic	ERS490327	ERR599165	2	6/19/17	TARA_20100921T0655Z_070_EVENT_PUMP_P_S_(5 m)_BACT_NUC-DNA(100L)_W0.22-3_TARA_B100000459	surface	no	tara
tara_S0094	2010-10-05	TARA_072	A	100	-8.7296	-17.9604	south atlantic	ERS490476	ERR599133	2	6/19/17	TARA_20101005T1535Z_072_EVENT_PUMP_P_D_(100 m)_BACT_NUC-DNA(100L)_W0.22-3_TARA_B100000427	dcm	yes	tara
tara_S0095	2010-10-05	TARA_072	B	100	-8.7296	-17.9604	south atlantic	ERS490476	ERR599137	2	6/19/17	TARA_20101005T1535Z_072_EVENT_PUMP_P_D_(100 m)_BACT_NUC-DNA(100L)_W0.22-3_TARA_B100000427	dcm	yes	tara
tara_S0096	2010-10-05	TARA_072	A	5	-8.7789	-17.9099	south atlantic	ERS490433	ERR598984	2	6/19/17	TARA_20101005T0800Z_072_EVENT_PUMP_P_S_(5 m)_BACT_NUC-DNA(100L)_W0.22-3_TARA_B100000424	surface	no	tara
tara_S0097	2010-10-05	TARA_072	B	5	-8.7789	-17.9099	south atlantic	ERS490433	ERR599105	2	6/19/17	TARA_20101005T0800Z_072_EVENT_PUMP_P_S_(5 m)_BACT_NUC-DNA(100L)_W0.22-3_TARA_B100000424	surface	no	tara
tara_S0098	2010-10-16	TARA_076	A	150	-21.0292	-35.3498	south atlantic	ERS490597	ERR599040	2	6/19/17	TARA_20101016T1700Z_076_Combined-EVENTS_CAST_MB_D_(150 m)_BACT_NUC-DNA(100L)_W0.22-3_TARA_B100000519	dcm	yes	tara
tara_S0099	2010-10-16	TARA_076	B	150	-21.0292	-35.3498	south atlantic	ERS490597	ERR599148	2	6/19/17	TARA_20101016T1700Z_076_Combined-EVENTS_CAST_MB_D_(150 m)_BACT_NUC-DNA(100L)_W0.22-3_TARA_B100000519	dcm	yes	tara
tara_S0100	2010-10-16	TARA_076	A	5	-20.9354	-35.1803	south atlantic	ERS490542	ERR599010	2	6/19/17	TARA_20101016T0955Z_076_EVENT_PUMP_P_S_(5 m)_BACT_NUC-RNA(10L-or-10min)_W0.22-3_TARA_B100000513	surface	no	tara
tara_S0101	2010-10-16	TARA_076	B	5	-20.9354	-35.1803	south atlantic	ERS490542	ERR599126	2	6/19/17	TARA_20101016T0955Z_076_EVENT_PUMP_P_S_(5 m)_BACT_NUC-RNA(10L-or-10min)_W0.22-3_TARA_B100000513	surface	no	tara
tara_S0102	2010-11-04	TARA_078	A	120	-30.1484	-43.2705	south atlantic	ERS490691	ERR599046	2	6/19/17	TARA_20101104T1816Z_078_Combined-EVENTS_CAST_MB_D_(120 m)_BACT_NUC-DNA(100L)_W0.22-3_TARA_B100000530	dcm	yes	tara
tara_S0103	2010-11-04	TARA_078	B	120	-30.1484	-43.2705	south atlantic	ERS490691	ERR599101	2	6/19/17	TARA_20101104T1816Z_078_Combined-EVENTS_CAST_MB_D_(120 m)_BACT_NUC-DNA(100L)_W0.22-3_TARA_B100000530	dcm	yes	tara
tara_S0104	2010-11-04	TARA_078	A	5	-30.1367	-43.2899	south atlantic	ERS490659	ERR599006	2	6/19/17	TARA_20101104T1004Z_078_EVENT_PUMP_P_S_(5 m)_BACT_NUC-RNA(10L-or-10min)_W0.22-3_TARA_B100000524	surface	no	tara
tara_S0105	2010-11-04	TARA_078	B	5	-30.1367	-43.2899	south atlantic	ERS490659	ERR599022	2	6/19/17	TARA_20101104T1004Z_078_EVENT_PUMP_P_S_(5 m)_BACT_NUC-RNA(10L-or-10min)_W0.22-3_TARA_B100000524	surface	no	tara
tara_S0106	2010-12-06	TARA_082	A	40	-47.2007	-57.9446	south atlantic	ERS490928	ERR599027	2	6/19/17	TARA_20101206T1858Z_082_EVENT_PUMP_P_D_(40 m)_BACT_NUC-RNA(10L-or-10min)_W0.22-3_TARA_B100000767	dcm	yes	tara
tara_S0107	2010-12-06	TARA_082	B	40	-47.2007	-57.9446	south atlantic	ERS490928	ERR599122	2	6/19/17	TARA_20101206T1858Z_082_EVENT_PUMP_P_D_(40 m)_BACT_NUC-RNA(10L-or-10min)_W0.22-3_TARA_B100000767	dcm	yes	tara
tara_S0108	2010-12-06	TARA_082	A	5	-47.1863	-58.2902	south atlantic	ERS490885	ERR599009	2	6/19/17	TARA_20101206T1033Z_082_EVENT_PUMP_P_S_(5 m)_BACT_NUC-RNA(10L-or-10min)_W0.22-3_TARA_B100000768	surface	no	tara
tara_S0109	2010-12-06	TARA_082	B	5	-47.1863	-58.2902	south atlantic	ERS490885	ERR599035	2	6/19/17	TARA_20101206T1033Z_082_EVENT_PUMP_P_S_(5 m)_BACT_NUC-RNA(10L-or-10min)_W0.22-3_TARA_B100000768	surface	no	tara
tara_S0110	2011-01-03	TARA_084	A	5	-60.2287	-60.6476	southern ocean	ERS491001	ERR598945	2	6/19/17	TARA_20110103T1105Z_084_EVENT_PUMP_P_S_(5 m)_BACT_NUC-RNA(10L-or-10min)_W0.22-3_TARA_B100000780	surface	no	tara
tara_S0111	2011-01-03	TARA_084	B	5	-60.2287	-60.6476	southern ocean	ERS491001	ERR599059	2	6/19/17	TARA_20110103T1105Z_084_EVENT_PUMP_P_S_(5 m)_BACT_NUC-RNA(10L-or-10min)_W0.22-3_TARA_B100000780	surface	no	tara
tara_S0112	2011-01-06	TARA_085	A	89	-62.2231	-49.2139	southern ocean	ERS491095	ERR599104	2	6/19/17	TARA_20110106T1936Z_085_Combined-EVENTS_CAST_MB_D_(90 m)_BACT_NUC-RNA(10L-or-10min)_W0.22-3_TARA_B100000795	dcm	yes	tara
tara_S0113	2011-01-06	TARA_085	B	89	-62.2231	-49.2139	southern ocean	ERS491095	ERR599121	2	6/19/17	TARA_20110106T1936Z_085_Combined-EVENTS_CAST_MB_D_(90 m)_BACT_NUC-RNA(10L-or-10min)_W0.22-3_TARA_B100000795	dcm	yes	tara
tara_S0114	2011-01-06	TARA_085	A	5	-62.0385	-49.529	southern ocean	ERS491044	ERR599090	2	6/19/17	TARA_20110106T1038Z_085_EVENT_PUMP_P_S_(5 m)_BACT_NUC-RNA(10L-or-10min)_W0.22-3_TARA_B100000787	surface	no	tara
tara_S0115	2011-01-06	TARA_085	B	5	-62.0385	-49.529	southern ocean	ERS491044	ERR599176	2	6/19/17	TARA_20110106T1038Z_085_EVENT_PUMP_P_S_(5 m)_BACT_NUC-RNA(10L-or-10min)_W0.22-3_TARA_B100000787	surface	no	tara
tara_S0116	2011-03-12	TARA_093	A	35	-33.9116	-73.0537	south pacific	ERS491463	ERR598965	2	6/19/17	TARA_20110312T1937Z_093_Combined-EVENTS_CAST_MB_D_(35 m)_BACT_NUC-DNA(100L)_W0.22-3_TARA_B100001059	dcm	yes	tara
tara_S0117	2011-03-12	TARA_093	A	5	-34.0614	-73.1066	south pacific	ERS491421	ERR599064	2	6/19/17	TARA_20110312T1134Z_093_EVENT_PUMP_P_S_(5 m)_BACT_NUC-DNA(100L)_W0.22-3_TARA_B100001063	surface	no	tara
tara_S0118	2011-03-18	TARA_094	A	5	-32.7971	-87.0693	south pacific	ERS491492	ERR599050	2	6/19/17	TARA_20110318T1157Z_094_EVENT_PUMP_P_S_(5 m)_BACT_NUC-DNA(100L)_W0.22-3_TARA_B100001057	surface	no	tara
tara_S0119	2011-03-24	TARA_096	A	5	-29.7238	-101.1604	south pacific	ERS491525	ERR598967	2	6/19/17	TARA_20110324T1300Z_096_EVENT_PUMP_P_S_(5 m)_BACT_NUC-DNA(100L)_W0.22-3_TARA_B100000989	surface	no	tara
tara_S0120	2011-04-03	TARA_098	A	187.5	-25.826	-111.7294	south pacific	ERS491740	ERR599042	2	6/19/17	TARA_20110403T2150Z_098_Combined-EVENTS_CAST_MB_D_(188 m)_BACT_NUC-DNA(100L)_W0.22-3_TARA_B100001029	dcm	yes	tara
tara_S0121	2011-04-03	TARA_098	B	187.5	-25.826	-111.7294	south pacific	ERS491740	ERR599079	2	6/19/17	TARA_20110403T2150Z_098_Combined-EVENTS_CAST_MB_D_(188 m)_BACT_NUC-DNA(100L)_W0.22-3_TARA_B100001029	dcm	yes	tara
tara_S0122	2011-04-03	TARA_098	A	5	-25.8051	-111.7202	south pacific	ERS491699	ERR599093	2	6/19/17	TARA_20110403T1344Z_098_EVENT_PUMP_P_S_(5 m)_BACT_NUC-DNA(100L)_W0.22-3_TARA_B100001027	surface	no	tara
tara_S0123	2011-04-03	TARA_098	B	5	-25.8051	-111.7202	south pacific	ERS491699	ERR599120	2	6/19/17	TARA_20110403T1344Z_098_EVENT_PUMP_P_S_(5 m)_BACT_NUC-DNA(100L)_W0.22-3_TARA_B100001027	surface	no	tara
tara_S0124	2011-04-09	TARA_099	A	5	-21.146	-104.787	south pacific	ERS491804	ERR599024	2	6/19/17	TARA_20110409T1356Z_099_EVENT_PUMP_P_S_(5 m)_BACT_NUC-DNA(100L)_W0.22-3_TARA_B100000886	surface	no	tara
tara_S0125	2011-04-15	TARA_100	A	50	-12.9723	-96.012200000000007	south pacific	ERS491874	ERR599081	2	6/19/17	TARA_20110415T1938Z_100_EVENT_PUMP_P_D_(50 m)_BACT_NUC-RNA(10L-or-10min)_W0.22-3_TARA_B100000965	dcm	yes	tara
tara_S0126	2011-04-15	TARA_100	B	50	-12.9723	-96.012200000000007	south pacific	ERS491874	ERR599113	2	6/19/17	TARA_20110415T1938Z_100_EVENT_PUMP_P_D_(50 m)_BACT_NUC-RNA(10L-or-10min)_W0.22-3_TARA_B100000965	dcm	yes	tara
tara_S0127	2011-04-16	TARA_100	A	177	-12.9794	-96.0232	south pacific	ERS491913	ERR598946	2	6/19/17	TARA_20110416T1306Z_100_Combined-EVENTS_CAST_MB_M_(177 m)_BACT_NUC-RNA(10L-or-10min)_W0.22-3_TARA_B100000959	dcm	yes	tara
tara_S0128	2011-04-16	TARA_100	B	177	-12.9794	-96.0232	south pacific	ERS491913	ERR598953	2	6/19/17	TARA_20110416T1306Z_100_Combined-EVENTS_CAST_MB_M_(177 m)_BACT_NUC-RNA(10L-or-10min)_W0.22-3_TARA_B100000959	dcm	yes	tara
tara_S0129	2011-04-16	TARA_100	C	177	-12.9794	-96.0232	south pacific	ERS491913	ERR598981	2	6/19/17	TARA_20110416T1306Z_100_Combined-EVENTS_CAST_MB_M_(177 m)_BACT_NUC-RNA(10L-or-10min)_W0.22-3_TARA_B100000959	dcm	yes	tara
tara_S0130	2011-04-15	TARA_100	A	5	-13.0023	-95.9759	south pacific	ERS491836	ERR599063	2	6/19/17	TARA_20110415T1245Z_100_EVENT_PUMP_P_S_(5 m)_BACT_NUC-RNA(10L-or-10min)_W0.22-3_TARA_B100000963	surface	no	tara
tara_S0131	2011-04-15	TARA_100	B	5	-13.0023	-95.9759	south pacific	ERS491836	ERR599163	2	6/19/17	TARA_20110415T1245Z_100_EVENT_PUMP_P_S_(5 m)_BACT_NUC-RNA(10L-or-10min)_W0.22-3_TARA_B100000963	surface	no	tara
tara_S0132	2011-04-15	TARA_100	C	5	-13.0023	-95.9759	south pacific	ERS491836	ERR599169	2	6/19/17	TARA_20110415T1245Z_100_EVENT_PUMP_P_S_(5 m)_BACT_NUC-RNA(10L-or-10min)_W0.22-3_TARA_B100000963	surface	no	tara
tara_S0133	2011-04-22	TARA_102	A	40	-5.2669	-85.2732	south pacific	ERS492012	ERR598962	2	6/19/17	TARA_20110422T2113Z_102_EVENT_PUMP_P_D_(40 m)_BACT_NUC-RNA(10L-or-10min)_W0.22-3_TARA_B100000902	dcm	yes	tara
tara_S0134	2011-04-22	TARA_102	B	40	-5.2669	-85.2732	south pacific	ERS492012	ERR599007	2	6/19/17	TARA_20110422T2113Z_102_EVENT_PUMP_P_D_(40 m)_BACT_NUC-RNA(10L-or-10min)_W0.22-3_TARA_B100000902	dcm	yes	tara
tara_S0135	2011-04-22	TARA_102	C	40	-5.2669	-85.2732	south pacific	ERS492012	ERR599168	2	6/19/17	TARA_20110422T2113Z_102_EVENT_PUMP_P_D_(40 m)_BACT_NUC-RNA(10L-or-10min)_W0.22-3_TARA_B100000902	dcm	yes	tara
tara_S0136	2011-04-21	TARA_102	A	5	-5.2529	-85.1545	south pacific	ERS491938	ERR598943	2	6/19/17	TARA_20110421T2007Z_102_EVENT_PUMP_P_S_(5 m)_BACT_NUC-RNA(10L-or-10min)_W0.22-3_TARA_B100000900	surface	no	tara
tara_S0137	2011-04-21	TARA_102	B	5	-5.2529	-85.1545	south pacific	ERS491938	ERR598978	2	6/19/17	TARA_20110421T2007Z_102_EVENT_PUMP_P_S_(5 m)_BACT_NUC-RNA(10L-or-10min)_W0.22-3_TARA_B100000900	surface	no	tara
tara_S0138	2011-05-12	TARA_109	A	30	2.0299	-84.5546	south pacific	ERS492177	ERR598952	2	6/19/17	TARA_20110512T2215Z_109_EVENT_PUMP_P_D_(30 m)_BACT_NUC-RNA(10L-or-10min)_W0.22-3_TARA_B100000927	dcm	yes	tara
tara_S0139	2011-05-12	TARA_109	B	30	2.0299	-84.5546	south pacific	ERS492177	ERR599065	2	6/19/17	TARA_20110512T2215Z_109_EVENT_PUMP_P_D_(30 m)_BACT_NUC-RNA(10L-or-10min)_W0.22-3_TARA_B100000927	dcm	yes	tara
tara_S0140	2011-05-12	TARA_109	C	30	2.0299	-84.5546	south pacific	ERS492177	ERR599108	2	6/19/17	TARA_20110512T2215Z_109_EVENT_PUMP_P_D_(30 m)_BACT_NUC-RNA(10L-or-10min)_W0.22-3_TARA_B100000927	dcm	yes	tara
tara_S0141	2011-05-12	TARA_109	A	5	1.9928	-84.5766	south pacific	ERS492145	ERR598997	2	6/19/17	TARA_20110512T1400Z_109_EVENT_PUMP_P_S_(5 m)_BACT_NUC-RNA(10L-or-10min)_W0.22-3_TARA_B100000925	surface	no	tara
tara_S0142	2011-05-12	TARA_109	B	5	1.9928	-84.5766	south pacific	ERS492145	ERR599118	2	6/19/17	TARA_20110512T1400Z_109_EVENT_PUMP_P_S_(5 m)_BACT_NUC-RNA(10L-or-10min)_W0.22-3_TARA_B100000925	surface	no	tara
tara_S0143	2011-05-21	TARA_110	A	50	-1.9002	-84.6265	south pacific	ERS492264	ERR599014	2	6/19/17	TARA_20110521T2100Z_110_EVENT_PUMP_P_D_(50 m)_BACT_NUC-DNA(100L)_W0.22-3_TARA_B100001113	dcm	yes	tara
tara_S0144	2011-05-21	TARA_110	A	5	-2.0133	-84.589	south pacific	ERS492228	ERR599039	2	6/19/17	TARA_20110521T1227Z_110_EVENT_PUMP_P_S_(5 m)_BACT_NUC-DNA(100L)_W0.22-3_TARA_B100001109	surface	no	tara
tara_S0145	2011-05-31	TARA_111	A	90.5	-16.9587	-100.6751	south pacific	ERS492357	ERR598961	2	6/19/17	TARA_20110531T2030Z_111_Combined-EVENTS_CAST_MB_D_(90 m)_BACT_NUC-RNA(10L-or-10min)_W0.22-3_TARA_B100000579	dcm	yes	tara
tara_S0146	2011-05-31	TARA_111	A	5	-16.9601	-100.6335	south pacific	ERS492321	ERR599077	2	6/19/17	TARA_20110531T1425Z_111_EVENT_PUMP_P_S_(5 m)_BACT_NUC-RNA(10L-or-10min)_W0.22-3_TARA_B100000575	surface	no	tara
tara_S0147	2011-06-15	TARA_112	A	155.5	-23.2189	-129.4997	south pacific	ERS492445	ERR598957	2	6/19/17	TARA_20110615T0059Z_112_Combined-EVENTS_CAST_MB_D_(155 m)_BACT_NUC-DNA(100L)_W0.22-3_TARA_B100000945	dcm	yes	tara
tara_S0148	2011-06-14	TARA_112	A	5	-23.2811	-129.3947	south pacific	ERS492408	ERR598954	2	6/19/17	TARA_20110614T1645Z_112_EVENT_PUMP_P_S_(5 m)_BACT_NUC-DNA(100L)_W0.22-3_TARA_B100000941	surface	no	tara
tara_S0149	2011-07-28	TARA_122	A	115	-9.0063	-139.1394	south pacific	ERS492699	ERR598948	2	6/19/17	TARA_20110728T1718Z_122_Combined-EVENTS_CAST_MB_D_(115 m)_BACT_NUC-RNA(10L-or-10min)_W0.22-3_TARA_B100000700	dcm	yes	tara
tara_S0150	2011-07-26	TARA_122	A	5	-8.9971	-139.1963	south pacific	ERS492642	ERR598992	2	6/19/17	TARA_20110726T1710Z_122_EVENT_PUMP_P_S_(5 m)_BACT_NUC-RNA(10L-or-10min)_W0.22-3_TARA_B100001115	surface	no	tara
tara_S0151	2011-08-01	TARA_123	A	150	-8.9109	-140.2845	south pacific	ERS492778	ERR598956	2	6/19/17	TARA_20110801T1755Z_123_Combined-EVENTS_CAST_MB_X_(150 m)_BACT_NUC-RNA(10L-or-10min)_W0.22-3_TARA_B100000686	mixed.layer	no	tara
tara_S0152	2011-08-01	TARA_123	B	150	-8.9109	-140.2845	south pacific	ERS492778	ERR598998	2	6/19/17	TARA_20110801T1755Z_123_Combined-EVENTS_CAST_MB_X_(150 m)_BACT_NUC-RNA(10L-or-10min)_W0.22-3_TARA_B100000686	mixed.layer	no	tara
tara_S0153	2011-08-01	TARA_123	C	150	-8.9109	-140.2845	south pacific	ERS492778	ERR599117	2	6/19/17	TARA_20110801T1755Z_123_Combined-EVENTS_CAST_MB_X_(150 m)_BACT_NUC-RNA(10L-or-10min)_W0.22-3_TARA_B100000686	mixed.layer	no	tara
tara_S0154	2011-08-01	TARA_123	D	150	-8.9109	-140.2845	south pacific	ERS492778	ERR599157	2	6/19/17	TARA_20110801T1755Z_123_Combined-EVENTS_CAST_MB_X_(150 m)_BACT_NUC-RNA(10L-or-10min)_W0.22-3_TARA_B100000686	mixed.layer	no	tara
tara_S0155	2011-07-31	TARA_123	A	5	-8.9068	-140.283	south pacific	ERS492733	ERR599160	2	6/19/17	TARA_20110731T1720Z_123_EVENT_PUMP_P_S_(5 m)_BACT_NUC-RNA(10L-or-10min)_W0.22-3_TARA_B100000683	surface	no	tara
tara_S0156	2011-08-05	TARA_124	A	120	-9.0714	-140.5973	south pacific	ERS492863	ERR598988	2	6/19/17	TARA_20110805T1733Z_124_Combined-EVENTS_CAST_MB_X_(120 m)_BACT_NUC-RNA(10L-or-10min)_W0.22-3_TARA_B100000676	mixed.layer	no	tara
tara_S0157	2011-08-05	TARA_124	B	120	-9.0714	-140.5973	south pacific	ERS492863	ERR599084	2	6/19/17	TARA_20110805T1733Z_124_Combined-EVENTS_CAST_MB_X_(120 m)_BACT_NUC-RNA(10L-or-10min)_W0.22-3_TARA_B100000676	mixed.layer	no	tara
tara_S0158	2011-08-05	TARA_124	C	120	-9.0714	-140.5973	south pacific	ERS492863	ERR599089	2	6/19/17	TARA_20110805T1733Z_124_Combined-EVENTS_CAST_MB_X_(120 m)_BACT_NUC-RNA(10L-or-10min)_W0.22-3_TARA_B100000676	mixed.layer	no	tara
tara_S0159	2011-08-05	TARA_124	D	120	-9.0714	-140.5973	south pacific	ERS492863	ERR599161	2	6/19/17	TARA_20110805T1733Z_124_Combined-EVENTS_CAST_MB_X_(120 m)_BACT_NUC-RNA(10L-or-10min)_W0.22-3_TARA_B100000676	mixed.layer	no	tara
tara_S0160	2011-08-04	TARA_124	A	5	-9.1504	-140.5216	south pacific	ERS492814	ERR599036	2	6/19/17	TARA_20110804T1833Z_124_EVENT_PUMP_P_S_(5 m)_BACT_NUC-RNA(10L-or-10min)_W0.22-3_TARA_B100000674	surface	no	tara
tara_S0161	2011-08-04	TARA_124	B	5	-9.1504	-140.5216	south pacific	ERS492814	ERR599069	2	6/19/17	TARA_20110804T1833Z_124_EVENT_PUMP_P_S_(5 m)_BACT_NUC-RNA(10L-or-10min)_W0.22-3_TARA_B100000674	surface	no	tara
tara_S0162	2011-08-04	TARA_124	C	5	-9.1504	-140.5216	south pacific	ERS492814	ERR599080	2	6/19/17	TARA_20110804T1833Z_124_EVENT_PUMP_P_S_(5 m)_BACT_NUC-RNA(10L-or-10min)_W0.22-3_TARA_B100000674	surface	no	tara
tara_S0163	2011-08-04	TARA_124	D	5	-9.1504	-140.5216	south pacific	ERS492814	ERR599151	2	6/19/17	TARA_20110804T1833Z_124_EVENT_PUMP_P_S_(5 m)_BACT_NUC-RNA(10L-or-10min)_W0.22-3_TARA_B100000674	surface	no	tara
tara_S0164	2011-08-09	TARA_125	A	140	-8.8999	-142.5461	south pacific	ERS492926	ERR599156	2	6/19/17	TARA_20110809T1708Z_125_Combined-EVENTS_CAST_MB_X_(140 m)_BACT_NUC-RNA(10L-or-10min)_W0.22-3_TARA_B100001123	mixed.layer	no	tara
tara_S0165	2011-08-08	TARA_125	A	5	-8.9111	-142.5571	south pacific	ERS492888	ERR599066	2	6/19/17	TARA_20110808T1733Z_125_EVENT_PUMP_P_S_(5 m)_BACT_NUC-RNA(10L-or-10min)_W0.22-3_TARA_B100001121	surface	no	tara
tara_S0166	2011-08-08	TARA_125	B	5	-8.9111	-142.5571	south pacific	ERS492888	ERR599091	2	6/19/17	TARA_20110808T1733Z_125_EVENT_PUMP_P_S_(5 m)_BACT_NUC-RNA(10L-or-10min)_W0.22-3_TARA_B100001121	surface	no	tara
tara_S0167	2011-08-08	TARA_125	C	5	-8.9111	-142.5571	south pacific	ERS492888	ERR599114	2	6/19/17	TARA_20110808T1733Z_125_EVENT_PUMP_P_S_(5 m)_BACT_NUC-RNA(10L-or-10min)_W0.22-3_TARA_B100001121	surface	no	tara
tara_S0168	2011-08-08	TARA_125	D	5	-8.9111	-142.5571	south pacific	ERS492888	ERR599119	2	6/19/17	TARA_20110808T1733Z_125_EVENT_PUMP_P_S_(5 m)_BACT_NUC-RNA(10L-or-10min)_W0.22-3_TARA_B100001121	surface	no	tara
tara_S0169	2011-09-05	TARA_128	A	40	0.0222	-153.6858	south pacific	ERS493098	ERR599032	2	6/19/17	TARA_20110905T1840Z_128_EVENT_PUMP_P_D_(40 m)_BACT_NUC-DNA(100L)_W0.22-3_TARA_B100000614	dcm	yes	tara
tara_S0170	2011-09-04	TARA_128	A	5	3e-4	-153.6759	south pacific	ERS493044	ERR599038	2	6/19/17	TARA_20110904T1800Z_128_EVENT_PUMP_P_S_(5 m)_BACT_NUC-DNA(100L)_W0.22-3_TARA_B100000609	surface	no	tara
tara_S0171	2011-10-05	TARA_132	A	115.5	31.5168	-159.046	north pacific	ERS493340	ERR598995	2	6/19/17	TARA_20111005T0101Z_132_Combined-EVENTS_CAST_MB_D_(115 m)_BACT_NUC-DNA(100L)_W0.22-3_TARA_B100001250	dcm	yes	tara
tara_S0172	2011-10-04	TARA_132	A	5	31.5213	-158.9958	north pacific	ERS493300	ERR599142	2	6/19/17	TARA_20111004T1746Z_132_EVENT_PUMP_P_S_(5 m)_BACT_NUC-DNA(100L)_W0.22-3_TARA_B100001248	surface	no	tara
tara_S0173	2011-10-19	TARA_133	A	45	35.4002	-127.7499	north pacific	ERS493431	ERR598942	2	6/19/17	TARA_20111019T0009Z_133_EVENT_PUMP_P_D_(45 m)_BACT_NUC-DNA(100L)_W0.22-3_TARA_B100001094	dcm	yes	tara
tara_S0174	2011-10-18	TARA_133	A	5	35.3671	-127.7422	north pacific	ERS493390	ERR599052	2	6/19/17	TARA_20111018T1535Z_133_EVENT_PUMP_P_S_(5 m)_BACT_NUC-DNA(100L)_W0.22-3_TARA_B100001093	surface	no	tara
tara_S0175	2011-12-02	TARA_137	A	40	14.2075	-116.6468	north pacific	ERS493670	ERR598987	2	6/19/17	TARA_20111202T2042Z_137_EVENT_PUMP_MB_D_(40 m)_BACT_NUC-RNA(10L-or-10min)_W0.22-3_TARA_B100001964	dcm	yes	tara
tara_S0176	2011-12-02	TARA_137	B	40	14.2075	-116.6468	north pacific	ERS493670	ERR599070	2	6/19/17	TARA_20111202T2042Z_137_EVENT_PUMP_MB_D_(40 m)_BACT_NUC-RNA(10L-or-10min)_W0.22-3_TARA_B100001964	dcm	yes	tara
tara_S0177	2011-12-02	TARA_137	C	40	14.2075	-116.6468	north pacific	ERS493670	ERR599099	2	6/19/17	TARA_20111202T2042Z_137_EVENT_PUMP_MB_D_(40 m)_BACT_NUC-RNA(10L-or-10min)_W0.22-3_TARA_B100001964	dcm	yes	tara
tara_S0178	2011-12-02	TARA_137	D	40	14.2075	-116.6468	north pacific	ERS493670	ERR599147	2	6/19/17	TARA_20111202T2042Z_137_EVENT_PUMP_MB_D_(40 m)_BACT_NUC-RNA(10L-or-10min)_W0.22-3_TARA_B100001964	dcm	yes	tara
tara_S0179	2011-12-02	TARA_137	A	5	14.2035	-116.6261	north pacific	ERS493636	ERR598989	2	6/19/17	TARA_20111202T1412Z_137_EVENT_PUMP_P_S_(5 m)_BACT_NUC-RNA(10L-or-10min)_W0.22-3_TARA_B100001287	surface	no	tara
tara_S0180	2011-12-11	TARA_138	A	59.5	6.3378	-102.9538	north pacific	ERS493788	ERR599087	2	6/19/17	TARA_20111211T1332Z_138_Combined-EVENTS_CAST_MB_D_(60 m)_BACT_NUC-RNA(10L-or-10min)_W0.22-3_TARA_B100001996	dcm	yes	tara
tara_S0181	2011-12-10	TARA_138	A	5	6.3332	-102.9432	north pacific	ERS493752	ERR599030	2	6/19/17	TARA_20111210T1408Z_138_EVENT_PUMP_P_S_(5 m)_BACT_NUC-RNA(10L-or-10min)_W0.22-3_TARA_B100001989	surface	no	tara
tara_S0182	2011-12-21	TARA_140	A	5	7.4122	-79.3017	north pacific	ERS493877	ERR599162	2	6/19/17	TARA_20111221T1620Z_140_EVENT_PUMP_P_S_(5 m)_BACT_NUC-DNA(100L)_W0.22-3_TARA_B100002019	surface	no	tara
tara_S0183	2011-12-30	TARA_141	A	5	9.8481	-80.0454	north atlantic	ERS493914	ERR599029	2	6/19/17	TARA_20111230T1335Z_141_EVENT_PUMP_P_S_(5 m)_BACT_NUC-DNA(100L)_W0.22-3_TARA_B100001939	surface	no	tara
tara_S0184	2012-01-09	TARA_142	A	125.5	25.6168	-88.4532	north atlantic	ERS493981	ERR599100	2	6/19/17	TARA_20120109T2019Z_142_Combined-EVENTS_CAST_MB_D_(125 m)_BACT_NUC-DNA(100L)_W0.22-3_TARA_B100002052	dcm	yes	tara
tara_S0185	2012-01-09	TARA_142	A	5	25.5264	-88.394	north atlantic	ERS493938	ERR599136	2	6/19/17	TARA_20120109T1341Z_142_EVENT_PUMP_P_S_(5 m)_BACT_NUC-DNA(100L)_W0.22-3_TARA_B100002051	surface	no	tara
tara_S0186	2012-02-02	TARA_145	A	5	39.2305	-70.0377	north atlantic	ERS494170	ERR598983	2	6/19/17	TARA_20120202T1152Z_145_EVENT_PUMP_P_S_(5 m)_BACT_NUC-DNA(100L)_W0.22-3_TARA_B100001142	surface	no	tara
tara_S0187	2012-02-15	TARA_146	A	5	34.6712	-71.3093	north atlantic	ERS494236	ERR598968	2	6/19/17	TARA_20120215T1254Z_146_EVENT_PUMP_P_S_(5 m)_BACT_NUC-DNA(100L)_W0.22-3_TARA_B100001540	surface	no	tara
tara_S0188	2012-02-27	TARA_148	A	249	34.1504	-56.9684	north atlantic	ERS494374	ERR598958	2	6/19/17	TARA_20120227T1532Z_148b_Combined-EVENTS_CAST_MB_M_(250 m)_BACT_NUC-RNA(10L-or-10min)_W0.22-3_TARA_B100001750	mesopelagic	no	tara
tara_S0189	2012-02-24	TARA_148	A	5	31.6948	-64.2489	north atlantic	ERS494332	ERR599123	2	6/19/17	TARA_20120224T1140Z_148_EVENT_PUMP_P_S_(5 m)_BACT_NUC-RNA(10L-or-10min)_W0.22-3_TARA_B100001741	surface	no	tara
tara_S0190	2012-03-01	TARA_149	A	5	34.1132	-49.9181	north atlantic	ERS494394	ERR598963	2	6/19/17	TARA_20120301T1048Z_149_EVENT_PUMP_P_S_(5 m)_BACT_NUC-RNA(10L-or-10min)_W0.22-3_TARA_B100001758	surface	no	tara
tara_S0191	2012-03-05	TARA_150	A	40	35.8427	-37.1526	north atlantic	ERS494488	ERR598996	2	6/19/17	TARA_20120305T1734Z_150_EVENT_PUMP_P_D_(40 m)_BACT_NUC-DNA(100L)_W0.22-3_TARA_B100001778	dcm	yes	tara
tara_S0192	2012-03-05	TARA_150	A	5	35.9346	-37.3032	north atlantic	ERS494445	ERR599170	2	6/19/17	TARA_20120305T0925Z_150_EVENT_PUMP_P_S_(5 m)_BACT_NUC-RNA(10L-or-10min)_W0.22-3_TARA_B100001769	surface	no	tara
tara_S0193	2012-03-09	TARA_151	A	79	36.1811	-28.9373	north atlantic	ERS494559	ERR598986	2	6/19/17	TARA_20120309T1745Z_151_Combined-EVENTS_CAST_MB_D_(80 m)_BACT_NUC-DNA(100L)_W0.22-3_TARA_B100001559	dcm	yes	tara
tara_S0194	2012-03-09	TARA_151	A	5	36.1715	-29.023	north atlantic	ERS494518	ERR598976	2	6/19/17	TARA_20120309T0859Z_151_EVENT_PUMP_P_S_(5 m)_BACT_NUC-RNA(10L-or-10min)_W0.22-3_TARA_B100001564	surface	no	tara
tara_S0195	2012-03-19	TARA_152	A	82.5	43.7684	-16.9047	north atlantic	ERS494628	ERR599001	2	6/19/17	TARA_20120319T1848Z_152_EVENT_CAST_B2-B10_I_(5-160 m)_BACT_NUC-DNA(100L)_W0.22-3_TARA_B100002029	mixed.layer	no	tara
tara_S0196	2012-03-19	TARA_152	A	5	43.6792	-16.8344	north atlantic	ERS494579	ERR599078	2	6/19/17	TARA_20120319T0818Z_152_EVENT_PUMP_P_S_(5 m)_BACT_NUC-DNA(100L)_W0.22-3_TARA_B100001173	surface	no	tara
tara_S0197	2010-03-12	TARA_037	A	600.5	20.8457	63.5851	indian	ERS488769	ERR599062	2	6/19/17	TARA_20100313T0507Z_037_Combined-EVENTS_CAST_MB_M_(600 m)_BACT_NUC-RNA(10L-or-10min)_W0.22-1.6_TARA_B100000315	mesopelagic	no	tara
tara_S0198	2010-03-16	TARA_038	A	341	19.0351	64.5638	indian	ERS488849	ERR599109	2	6/19/17	TARA_20100316T0614Z_038_Combined-EVENTS_CAST_MB_M_(340 m)_BACT_NUC-RNA(10L-or-10min)_W0.22-1.6_TARA_B100000071	mesopelagic	no	tara
tara_S0199	2010-03-16	TARA_038	B	341	19.0351	64.5638	indian	ERS488849	ERR599167	2	6/19/17	TARA_20100316T0614Z_038_Combined-EVENTS_CAST_MB_M_(340 m)_BACT_NUC-RNA(10L-or-10min)_W0.22-1.6_TARA_B100000071	mesopelagic	no	tara
tara_S0200	2010-06-26	TARA_056	A	999	-15.3379	43.2948	indian	ERS489727	ERR599112	2	6/19/17	TARA_20100626T0713Z_056_EVENT_CAST_B5_M_(1000 m)_BACT_NUC-DNA(100L)_W0.22-3_TARA_B100000378	mesopelagic	no	tara
tara_S0201	2010-07-07	TARA_064	A	1000	-29.5046	37.9599	indian	ERS489987	ERR599021	2	6/19/17	TARA_20100707T1217Z_064_Combined-EVENTS_CAST_MB_M_(1000 m)_BACT_NUC-DNA(100L)_W0.22-3_TARA_B100000408	mesopelagic	no	tara
tara_S0202	2010-07-07	TARA_064	B	1000	-29.5046	37.9599	indian	ERS489987	ERR599164	2	6/19/17	TARA_20100707T1217Z_064_Combined-EVENTS_CAST_MB_M_(1000 m)_BACT_NUC-DNA(100L)_W0.22-3_TARA_B100000408	mesopelagic	no	tara
tara_S0203	2010-07-12	TARA_065	A	850	-35.1889	26.2905	indian	ERS490065	ERR598960	2	6/19/17	TARA_20100712T0650Z_065_Combined-EVENTS_CAST_MB_M_(850 m)_BACT_NUC-DNA(100L)_W0.22-3_TARA_B000000460	mesopelagic	no	tara
tara_S0204	2010-07-12	TARA_065	B	850	-35.1889	26.2905	indian	ERS490065	ERR599034	2	6/19/17	TARA_20100712T0650Z_065_Combined-EVENTS_CAST_MB_M_(850 m)_BACT_NUC-DNA(100L)_W0.22-3_TARA_B000000460	mesopelagic	no	tara
tara_S0205	2010-09-13	TARA_068	A	700.5	-31.0198	4.6685	south atlantic	ERS490230	ERR598947	2	6/19/17	TARA_20100913T1303Z_068_Combined-EVENTS_CAST_MB_M_(700 m)_BACT_NUC-DNA(100L)_W0.22-3_TARA_B100000470	mesopelagic	no	tara
tara_S0206	2010-09-13	TARA_068	B	700.5	-31.0198	4.6685	south atlantic	ERS490230	ERR599131	2	6/19/17	TARA_20100913T1303Z_068_Combined-EVENTS_CAST_MB_M_(700 m)_BACT_NUC-DNA(100L)_W0.22-3_TARA_B100000470	mesopelagic	no	tara
tara_S0207	2010-09-21	TARA_070	A	798.5	-20.4075	-3.1641	south atlantic	ERS490373	ERR599044	2	6/19/17	TARA_20100922T0637Z_070_Combined-EVENTS_CAST_MB_M_(800 m)_BACT_NUC-DNA(100L)_W0.22-3_TARA_B100000446	mesopelagic	no	tara
tara_S0208	2010-09-21	TARA_070	B	798.5	-20.4075	-3.1641	south atlantic	ERS490373	ERR599149	2	6/19/17	TARA_20100922T0637Z_070_Combined-EVENTS_CAST_MB_M_(800 m)_BACT_NUC-DNA(100L)_W0.22-3_TARA_B100000446	mesopelagic	no	tara
tara_S0209	2010-10-06	TARA_072	A	800	-8.7986	-17.9034	south atlantic	ERS490507	ERR599005	2	6/19/17	TARA_20101006T0759Z_072_Combined-EVENTS_CAST_MB_M_(800 m)_BACT_NUC-DNA(100L)_W0.22-3_TARA_B100000508	mesopelagic	no	tara
tara_S0210	2010-10-06	TARA_072	B	800	-8.7986	-17.9034	south atlantic	ERS490507	ERR599048	2	6/19/17	TARA_20101006T0759Z_072_Combined-EVENTS_CAST_MB_M_(800 m)_BACT_NUC-DNA(100L)_W0.22-3_TARA_B100000508	mesopelagic	no	tara
tara_S0211	2010-10-17	TARA_076	A	800	-20.9315	-35.1794	south atlantic	ERS490633	ERR599000	2	6/19/17	TARA_20101017T0905Z_076_Combined-EVENTS_CAST_MB_M_(800 m)_BACT_NUC-DNA(100L)_W0.22-3_TARA_B100000749	mesopelagic	no	tara
tara_S0212	2010-10-17	TARA_076	B	800	-20.9315	-35.1794	south atlantic	ERS490633	ERR599154	2	6/19/17	TARA_20101017T0905Z_076_Combined-EVENTS_CAST_MB_M_(800 m)_BACT_NUC-DNA(100L)_W0.22-3_TARA_B100000749	mesopelagic	no	tara
tara_S0213	2010-11-05	TARA_078	A	800	-30.1471	-43.2915	south atlantic	ERS490714	ERR599124	2	6/19/17	TARA_20101105T1235Z_078_Combined-EVENTS_CAST_MB_M_(800 m)_BACT_NUC-DNA(100L)_W0.22-3_TARA_B100000745	mesopelagic	no	tara
tara_S0214	2010-11-05	TARA_078	B	800	-30.1471	-43.2915	south atlantic	ERS490714	ERR599159	2	6/19/17	TARA_20101105T1235Z_078_Combined-EVENTS_CAST_MB_M_(800 m)_BACT_NUC-DNA(100L)_W0.22-3_TARA_B100000745	mesopelagic	no	tara
tara_S0215	2011-01-07	TARA_085	A	791	-61.9689	-49.5017	southern ocean	ERS491110	ERR599008	2	6/19/17	TARA_20110107T1041Z_085_Combined-EVENTS_CAST_MB_M_(790 m)_BACT_NUC-DNA(100L)_W0.22-3_TARA_B100000809	mesopelagic	no	tara
tara_S0216	2011-01-07	TARA_085	B	791	-61.9689	-49.5017	southern ocean	ERS491110	ERR599125	2	6/19/17	TARA_20110107T1041Z_085_Combined-EVENTS_CAST_MB_M_(790 m)_BACT_NUC-DNA(100L)_W0.22-3_TARA_B100000809	mesopelagic	no	tara
tara_S0217	2011-04-04	TARA_098	A	487.5	-25.8076	-111.6906	south pacific	ERS491767	ERR599071	2	6/19/17	TARA_20110404T1359Z_098_Combined-EVENTS_CAST_MB_M_(488 m)_BACT_NUC-DNA(100L)_W0.22-3_TARA_B100001013	mesopelagic	no	tara
tara_S0218	2011-04-04	TARA_098	B	487.5	-25.8076	-111.6906	south pacific	ERS491767	ERR599085	2	6/19/17	TARA_20110404T1359Z_098_Combined-EVENTS_CAST_MB_M_(488 m)_BACT_NUC-DNA(100L)_W0.22-3_TARA_B100001013	mesopelagic	no	tara
tara_S0219	2011-04-22	TARA_102	A	480	-5.261	-85.1678	south pacific	ERS491980	ERR599055	2	6/19/17	TARA_20110422T1210Z_102_Combined-EVENTS_CAST_MB_M_(480 m)_BACT_NUC-RNA(10L-or-10min)_W0.22-3_TARA_B100000953	mesopelagic	no	tara
tara_S0220	2011-04-22	TARA_102	B	480	-5.261	-85.1678	south pacific	ERS491980	ERR599128	2	6/19/17	TARA_20110422T1210Z_102_Combined-EVENTS_CAST_MB_M_(480 m)_BACT_NUC-RNA(10L-or-10min)_W0.22-3_TARA_B100000953	mesopelagic	no	tara
tara_S0221	2011-04-22	TARA_102	C	480	-5.261	-85.1678	south pacific	ERS491980	ERR599132	2	6/19/17	TARA_20110422T1210Z_102_Combined-EVENTS_CAST_MB_M_(480 m)_BACT_NUC-RNA(10L-or-10min)_W0.22-3_TARA_B100000953	mesopelagic	no	tara
tara_S0222	2011-05-13	TARA_109	A	380	2.0649	-84.5546	south pacific	ERS492205	ERR598971	2	6/19/17	TARA_20110513T1617Z_109_Combined-EVENTS_CAST_MB_M_(380 m)_BACT_NUC-RNA(10L-or-10min)_W0.22-3_TARA_B100000929	mesopelagic	no	tara
tara_S0223	2011-05-13	TARA_109	B	380	2.0649	-84.5546	south pacific	ERS492205	ERR599067	2	6/19/17	TARA_20110513T1617Z_109_Combined-EVENTS_CAST_MB_M_(380 m)_BACT_NUC-RNA(10L-or-10min)_W0.22-3_TARA_B100000929	mesopelagic	no	tara
tara_S0224	2011-05-22	TARA_110	A	380.5	-1.8902	-84.6141	south pacific	ERS492294	ERR599020	2	6/19/17	TARA_20110522T1320Z_110_Combined-EVENTS_CAST_MB_M_(380 m)_BACT_NUC-DNA(100L)_W0.22-3_TARA_B100001079	mesopelagic	no	tara
tara_S0225	2011-06-01	TARA_111	A	350.5	-16.9486	-100.6715	south pacific	ERS492381	ERR599086	2	6/19/17	TARA_20110601T1603Z_111_Combined-EVENTS_CAST_MB_M_(350 m)_BACT_NUC-DNA(100L)_W0.22-3_TARA_B100000586	mesopelagic	no	tara
tara_S0226	2011-06-15	TARA_112	A	695.5	-23.2232	-129.5986	south pacific	ERS492471	ERR599072	2	6/19/17	TARA_20110615T1845Z_112_Combined-EVENTS_CAST_MB_M_(696 m)_BACT_NUC-DNA(100L)_W0.22-3_TARA_B100000949	mesopelagic	no	tara
tara_S0227	2011-07-27	TARA_122	A	600	-8.9729	-139.2393	south pacific	ERS492680	ERR598999	2	6/19/17	TARA_20110727T1932Z_122_Combined-EVENTS_CAST_MB_M_(600 m)_BACT_NUC-RNA(10L-or-10min)_W0.22-3_TARA_B100000678	mesopelagic	no	tara
tara_S0228	2011-07-27	TARA_122	B	600	-8.9729	-139.2393	south pacific	ERS492680	ERR599033	2	6/19/17	TARA_20110727T1932Z_122_Combined-EVENTS_CAST_MB_M_(600 m)_BACT_NUC-RNA(10L-or-10min)_W0.22-3_TARA_B100000678	mesopelagic	no	tara
tara_S0229	2011-07-27	TARA_122	C	600	-8.9729	-139.2393	south pacific	ERS492680	ERR599083	2	6/19/17	TARA_20110727T1932Z_122_Combined-EVENTS_CAST_MB_M_(600 m)_BACT_NUC-RNA(10L-or-10min)_W0.22-3_TARA_B100000678	mesopelagic	no	tara
tara_S0230	2011-07-27	TARA_122	D	600	-8.9729	-139.2393	south pacific	ERS492680	ERR599096	2	6/19/17	TARA_20110727T1932Z_122_Combined-EVENTS_CAST_MB_M_(600 m)_BACT_NUC-RNA(10L-or-10min)_W0.22-3_TARA_B100000678	mesopelagic	no	tara
tara_S0231	2011-10-05	TARA_132	A	550.5	31.528	-159.0224	north pacific	ERS493372	ERR598980	2	6/19/17	TARA_20111005T2047Z_132_Combined-EVENTS_CAST_MB_M_(550 m)_BACT_NUC-DNA(100L)_W0.22-3_TARA_B100001245	mesopelagic	no	tara
tara_S0232	2011-10-19	TARA_133	A	650.5	35.2698	-127.7268	north pacific	ERS493460	ERR599115	2	6/19/17	TARA_20111019T1928Z_133_Combined-EVENTS_CAST_MB_M_(650 m)_BACT_NUC-DNA(100L)_W0.22-3_TARA_B100001105	mesopelagic	no	tara
tara_S0233	2011-12-03	TARA_137	A	374.5	14.2025	-116.6433	north pacific	ERS493705	ERR599015	2	6/19/17	TARA_20111203T1433Z_137_Combined-EVENTS_CAST_MB_M_(375 m)_BACT_NUC-RNA(10L-or-10min)_W0.22-3_TARA_B100001971	mesopelagic	no	tara
tara_S0234	2011-12-03	TARA_137	B	374.5	14.2025	-116.6433	north pacific	ERS493705	ERR599076	2	6/19/17	TARA_20111203T1433Z_137_Combined-EVENTS_CAST_MB_M_(375 m)_BACT_NUC-RNA(10L-or-10min)_W0.22-3_TARA_B100001971	mesopelagic	no	tara
tara_S0235	2011-12-03	TARA_137	C	374.5	14.2025	-116.6433	north pacific	ERS493705	ERR599127	2	6/19/17	TARA_20111203T1433Z_137_Combined-EVENTS_CAST_MB_M_(375 m)_BACT_NUC-RNA(10L-or-10min)_W0.22-3_TARA_B100001971	mesopelagic	no	tara
tara_S0236	2011-12-03	TARA_137	D	374.5	14.2025	-116.6433	north pacific	ERS493705	ERR599152	2	6/19/17	TARA_20111203T1433Z_137_Combined-EVENTS_CAST_MB_M_(375 m)_BACT_NUC-RNA(10L-or-10min)_W0.22-3_TARA_B100001971	mesopelagic	no	tara
tara_S0237	2011-12-11	TARA_138	A	449	6.3559	-103.0598	north pacific	ERS493822	ERR599004	2	6/19/17	TARA_20111211T2040Z_138_Combined-EVENTS_CAST_MB_M_(450 m)_BACT_NUC-RNA(10L-or-10min)_W0.22-3_TARA_B100002003	mesopelagic	no	tara
tara_S0238	2011-12-11	TARA_138	B	449	6.3559	-103.0598	north pacific	ERS493822	ERR599051	2	6/19/17	TARA_20111211T2040Z_138_Combined-EVENTS_CAST_MB_M_(450 m)_BACT_NUC-RNA(10L-or-10min)_W0.22-3_TARA_B100002003	mesopelagic	no	tara
tara_S0239	2011-12-11	TARA_138	C	449	6.3559	-103.0598	north pacific	ERS493822	ERR599060	2	6/19/17	TARA_20111211T2040Z_138_Combined-EVENTS_CAST_MB_M_(450 m)_BACT_NUC-RNA(10L-or-10min)_W0.22-3_TARA_B100002003	mesopelagic	no	tara
tara_S0240	2011-12-11	TARA_138	D	449	6.3559	-103.0598	north pacific	ERS493822	ERR599175	2	6/19/17	TARA_20111211T2040Z_138_Combined-EVENTS_CAST_MB_M_(450 m)_BACT_NUC-RNA(10L-or-10min)_W0.22-3_TARA_B100002003	mesopelagic	no	tara
tara_S0241	2012-01-10	TARA_142	A	640.5	25.6236	-88.45	north atlantic	ERS494006	ERR598985	2	6/19/17	TARA_20120110T1451Z_142_Combined-EVENTS_CAST_MB_M_(640 m)_BACT_NUC-DNA(100L)_W0.22-3_TARA_B100002049	mesopelagic	no	tara
tara_S0242	2012-02-02	TARA_145	A	591	39.2392	-70.0343	north atlantic	ERS494208	ERR599166	2	6/19/17	TARA_20120202T1839Z_145_Combined-EVENTS_CAST_MB_M_(590 m)_BACT_NUC-DNA(100L)_W0.22-3_TARA_B100001146	mesopelagic	no	tara
tara_S0243	2012-02-16	TARA_146	A	639	34.6663	-71.2907	north atlantic	ERS494274	ERR599047	2	6/19/17	TARA_20120216T1208Z_146_Combined-EVENTS_CAST_MB_M_(640 m)_BACT_NUC-DNA(100L)_W0.22-3_TARA_B100001167	mesopelagic	no	tara
tara_S0244	2012-03-01	TARA_149	A	741	34.0771	-49.8233	north atlantic	ERS494431	ERR598964	2	6/19/17	TARA_20120301T1853Z_149_Combined-EVENTS_CAST_MB_M_(740 m)_BACT_NUC-RNA(10L-or-10min)_W0.22-3_TARA_B100001765	mesopelagic	no	tara
tara_S0245	2012-03-19	TARA_152	A	799	43.7182	-16.8714	north atlantic	ERS494616	ERR598944	2	6/19/17	TARA_20120319T1502Z_152_Combined-EVENTS_CAST_MB_M_(800 m)_BACT_NUC-DNA(100L)_W0.22-3_TARA_B100001179	mesopelagic	no	tara
